dataset_key,year,col_idx,cells_total,rows_distintos,numeric_ratio,unique_values_capped,top_values_json
2008/Formanto CSV/2008_VehículosMatriculadosBDD.csv,2008,1,918909,50000,0.0,25,"[{""value"": ""PICHINCHA"", ""count"": 264967}, {""value"": ""GUAYAS"", ""count"": 216180}, {""value"": ""AZUAY"", ""count"": 76638}, {""value"": ""MANABÍ"", ""count"": 58217}, {""value"": ""TUNGURAHUA"", ""count"": 48049}, {""value"": ""LOS RÍOS"", ""count"": 40946}, {""value"": ""EL ORO"", ""count"": 27259}, {""value"": ""SANTO DOMINGO DE LOS TSÁCHILAS"", ""count"": 25914}, {""value"": ""IMBABURA"", ""count"": 25701}, {""value"": ""COTOPAXI"", ""count"": 24198}]"
2008/Formanto CSV/2008_VehículosMatriculadosBDD.csv,2008,2,918909,50000,0.0,13,"[{""value"": ""Automóvil"", ""count"": 336281}, {""value"": ""Camioneta"", ""count"": 237524}, {""value"": ""Jeep"", ""count"": 117365}, {""value"": ""Motocicleta"", ""count"": 85918}, {""value"": ""Camión"", ""count"": 53067}, {""value"": ""Furgoneta P"", ""count"": 46272}, {""value"": ""Furgoneta C"", ""count"": 17125}, {""value"": ""Autobus"", ""count"": 7837}, {""value"": ""Volqueta"", ""count"": 7668}, {""value"": ""Trailer"", ""count"": 4700}]"
2008/Formanto CSV/2008_VehículosMatriculadosBDD.csv,2008,3,918909,50000,0.0,5,"[{""value"": ""Gasolina"", ""count"": 817277}, {""value"": ""Diesel"", ""count"": 101329}, {""value"": ""Gas liquado de petróleo"", ""count"": 290}, {""value"": ""Eléctrico"", ""count"": 12}, {""value"": ""COMBUSTIBLE"", ""count"": 1}]"
2008/Formanto CSV/2008_VehículosMatriculadosBDD.csv,2008,4,918909,50000,0.0,119,"[{""value"": ""CHEVROLET"", ""count"": 296467}, {""value"": ""TOYOTA"", ""count"": 80526}, {""value"": ""MAZDA"", ""count"": 61557}, {""value"": ""HYUNDAI"", ""count"": 49910}, {""value"": ""NISSAN"", ""count"": 49384}, {""value"": ""FORD"", ""count"": 46697}, {""value"": ""SUZUKI"", ""count"": 46374}, {""value"": ""MITSUBISHI"", ""count"": 28757}, {""value"": ""VOLKSWAGEN"", ""count"": 28283}, {""value"": ""KIA"", ""count"": 20323}]"
2008/Formanto CSV/2008_VehículosMatriculadosBDD.csv,2008,5,918909,50000,0.0,7,"[{""value"": ""PARTICULAR"", ""count"": 873725}, {""value"": ""ALQUILER"", ""count"": 35738}, {""value"": ""ESTADO"", ""count"": 6800}, {""value"": ""MUNNICIPIO"", ""count"": 2453}, {""value"": ""OTROS"", ""count"": 156}, {""value"": ""SECTORES SECCIONALES"", ""count"": 36}, {""value"": ""SERVICIO"", ""count"": 1}]"
2008/Formanto CSV/2008_VehículosMatriculadosBDD.csv,2008,6,918909,50000,0.450048,8,"[{""value"": ""2003 Y ANTERIORES"", ""count"": 505355}, {""value"": ""2008"", ""count"": 99502}, {""value"": ""2007"", ""count"": 87157}, {""value"": ""2006"", ""count"": 74894}, {""value"": ""2005"", ""count"": 59508}, {""value"": ""2009"", ""count"": 47119}, {""value"": ""2004"", ""count"": 45373}, {""value"": ""MODELO"", ""count"": 1}]"
2008/Formanto CSV/2008_VehículosMatriculadosBDD.csv,2008,7,918909,50000,0.999999,409,"[{""value"": "".75"", ""count"": 504721}, {""value"": ""1"", ""count"": 120863}, {""value"": "".25"", ""count"": 81316}, {""value"": "".5"", ""count"": 65241}, {""value"": ""2"", ""count"": 39970}, {""value"": ""1.5"", ""count"": 12163}, {""value"": ""6"", ""count"": 11231}, {""value"": ""2.8"", ""count"": 8781}, {""value"": ""3.5"", ""count"": 8534}, {""value"": ""5"", ""count"": 6901}]"
2008/Formanto CSV/2008_VehículosMatriculadosBDD.csv,2008,8,918909,50000,0.999999,68,"[{""value"": ""5"", ""count"": 560352}, {""value"": ""2"", ""count"": 177318}, {""value"": ""1"", ""count"": 85548}, {""value"": ""3"", ""count"": 49268}, {""value"": ""8"", ""count"": 10255}, {""value"": ""10"", ""count"": 10036}, {""value"": ""7"", ""count"": 9069}, {""value"": ""4"", ""count"": 5677}, {""value"": ""6"", ""count"": 2617}, {""value"": ""40"", ""count"": 2172}]"
2008/Formanto CSV/2008_VehículosMatriculadosBDD.csv,2008,9,918909,50000,0.0,6,"[{""value"": ""1/4 A 3"", ""count"": 852048}, {""value"": ""3 1/4 A 6"", ""count"": 35331}, {""value"": ""6 1/4 A 10"", ""count"": 15312}, {""value"": ""15 1/4 Y MÁS"", ""count"": 8546}, {""value"": ""10 1/4 A 15"", ""count"": 7671}, {""value"": ""ESTRATONE"", ""count"": 1}]"
2008/Formanto CSV/2008_VehículosMatriculadosBDD.csv,2008,10,918909,50000,0.0,6,"[{""value"": ""1 A 10"", ""count"": 910579}, {""value"": ""31 A 40"", ""count"": 3715}, {""value"": ""41 Y MÁS"", ""count"": 3096}, {""value"": ""21 A 30"", ""count"": 855}, {""value"": ""11 A 20"", ""count"": 663}, {""value"": ""ESTRASIENTOS"", ""count"": 1}]"
2009/Formanto CSV/2009_VehículosMatriculadosBDD.csv,2009,1,872389,50000,0.0,25,"[{""value"": ""PICHINCHA"", ""count"": 247763}, {""value"": ""GUAYAS"", ""count"": 208102}, {""value"": ""AZUAY"", ""count"": 63472}, {""value"": ""MANABÍ"", ""count"": 55169}, {""value"": ""TUNGURAHUA"", ""count"": 42427}, {""value"": ""LOS RÍOS"", ""count"": 36133}, {""value"": ""EL ORO"", ""count"": 28570}, {""value"": ""IMBABURA"", ""count"": 25428}, {""value"": ""CHIMBORAZO"", ""count"": 24382}, {""value"": ""SANTO DOMINGO DE LOS TSÁCHILAS"", ""count"": 24332}]"
2009/Formanto CSV/2009_VehículosMatriculadosBDD.csv,2009,2,872389,50000,0.0,13,"[{""value"": ""Automóvil"", ""count"": 316551}, {""value"": ""Camioneta"", ""count"": 226163}, {""value"": ""Jeep"", ""count"": 121302}, {""value"": ""Motocicleta"", ""count"": 78072}, {""value"": ""Camión"", ""count"": 48249}, {""value"": ""Furgoneta P"", ""count"": 44829}, {""value"": ""Furgoneta C"", ""count"": 16020}, {""value"": ""Volqueta"", ""count"": 6548}, {""value"": ""Autobus"", ""count"": 5465}, {""value"": ""Trailer"", ""count"": 4356}]"
2009/Formanto CSV/2009_VehículosMatriculadosBDD.csv,2009,3,872389,50000,0.0,6,"[{""value"": ""Gasolina"", ""count"": 775015}, {""value"": ""Diesel"", ""count"": 96845}, {""value"": ""Gas liquado de petróleo"", ""count"": 297}, {""value"": ""Híbrido"", ""count"": 207}, {""value"": ""Eléctrico"", ""count"": 24}, {""value"": ""COMBUSTIBLE"", ""count"": 1}]"
2009/Formanto CSV/2009_VehículosMatriculadosBDD.csv,2009,4,872389,50000,0.0,122,"[{""value"": ""CHEVROLET"", ""count"": 284390}, {""value"": ""TOYOTA"", ""count"": 77704}, {""value"": ""MAZDA"", ""count"": 60348}, {""value"": ""HYUNDAI"", ""count"": 53213}, {""value"": ""NISSAN"", ""count"": 47360}, {""value"": ""SUZUKI"", ""count"": 47259}, {""value"": ""FORD"", ""count"": 41344}, {""value"": ""MITSUBISHI"", ""count"": 26146}, {""value"": ""VOLKSWAGEN"", ""count"": 25616}, {""value"": ""KIA"", ""count"": 21547}]"
2009/Formanto CSV/2009_VehículosMatriculadosBDD.csv,2009,5,872389,50000,0.0,7,"[{""value"": ""PARTICULAR"", ""count"": 826067}, {""value"": ""ALQUILER"", ""count"": 34856}, {""value"": ""ESTADO"", ""count"": 8699}, {""value"": ""MUNICIPIO"", ""count"": 2574}, {""value"": ""OTROS"", ""count"": 122}, {""value"": ""GOBIERNOS SECCIONALES"", ""count"": 70}, {""value"": ""SERVICIO"", ""count"": 1}]"
2009/Formanto CSV/2009_VehículosMatriculadosBDD.csv,2009,6,872389,50000,0.501339,9,"[{""value"": ""2003 Y ANTERIORES"", ""count"": 435025}, {""value"": ""2009"", ""count"": 104080}, {""value"": ""2008"", ""count"": 74360}, {""value"": ""2007"", ""count"": 72388}, {""value"": ""2006"", ""count"": 65105}, {""value"": ""2005"", ""count"": 55357}, {""value"": ""2004"", ""count"": 39324}, {""value"": ""2010"", ""count"": 26749}, {""value"": ""MODELO"", ""count"": 1}]"
2009/Formanto CSV/2009_VehículosMatriculadosBDD.csv,2009,7,872389,50000,0.999999,401,"[{""value"": "".75"", ""count"": 486150}, {""value"": ""1"", ""count"": 109621}, {""value"": "".25"", ""count"": 75313}, {""value"": "".5"", ""count"": 67847}, {""value"": ""2"", ""count"": 35928}, {""value"": ""1.5"", ""count"": 11450}, {""value"": ""2.8"", ""count"": 8127}, {""value"": ""6"", ""count"": 7987}, {""value"": ""3.5"", ""count"": 7962}, {""value"": ""5"", ""count"": 6383}]"
2009/Formanto CSV/2009_VehículosMatriculadosBDD.csv,2009,8,872389,50000,0.999999,62,"[{""value"": ""5"", ""count"": 549029}, {""value"": ""2"", ""count"": 159501}, {""value"": ""1"", ""count"": 77567}, {""value"": ""3"", ""count"": 44492}, {""value"": ""8"", ""count"": 9934}, {""value"": ""10"", ""count"": 9416}, {""value"": ""7"", ""count"": 8480}, {""value"": ""4"", ""count"": 4774}, {""value"": ""6"", ""count"": 3132}, {""value"": ""40"", ""count"": 1519}]"
2009/Formanto CSV/2009_VehículosMatriculadosBDD.csv,2009,9,872389,50000,0.0,6,"[{""value"": ""1/4 A 3"", ""count"": 813639}, {""value"": ""3 1/4 A 6"", ""count"": 31157}, {""value"": ""6 1/4 A 10"", ""count"": 13012}, {""value"": ""15 1/4 Y MÁS"", ""count"": 7595}, {""value"": ""10 1/4 A 15"", ""count"": 6985}, {""value"": ""ESTRATONE"", ""count"": 1}]"
2009/Formanto CSV/2009_VehículosMatriculadosBDD.csv,2009,10,872389,50000,0.0,6,"[{""value"": ""1 A 10"", ""count"": 866746}, {""value"": ""31 A 40"", ""count"": 2560}, {""value"": ""41 Y MÁS"", ""count"": 2040}, {""value"": ""21 A 30"", ""count"": 702}, {""value"": ""11 A 20"", ""count"": 340}, {""value"": ""ESTRASIENTOS"", ""count"": 1}]"
2010/Formanto CSV/2010_VehículosMatriculadosBDD.csv,2010,1,1226350,50000,0.0,25,"[{""value"": ""PICHINCHA"", ""count"": 301960}, {""value"": ""GUAYAS"", ""count"": 285281}, {""value"": ""MANABÍ"", ""count"": 90530}, {""value"": ""AZUAY"", ""count"": 87815}, {""value"": ""TUNGURAHUA"", ""count"": 62377}, {""value"": ""LOS RÍOS"", ""count"": 57495}, {""value"": ""EL ORO"", ""count"": 45661}, {""value"": ""COTOPAXI"", ""count"": 41698}, {""value"": ""IMBABURA"", ""count"": 38595}, {""value"": ""SANTO DOMINGO DE LOS TSÁCHILAS"", ""count"": 34169}]"
2010/Formanto CSV/2010_VehículosMatriculadosBDD.csv,2010,2,1226350,50000,0.0,13,"[{""value"": ""Automóvil"", ""count"": 427253}, {""value"": ""Camioneta"", ""count"": 308829}, {""value"": ""Jeep"", ""count"": 166848}, {""value"": ""Motocicleta"", ""count"": 149167}, {""value"": ""Camión"", ""count"": 69331}, {""value"": ""Furgoneta P"", ""count"": 51982}, {""value"": ""Furgoneta C"", ""count"": 21851}, {""value"": ""Autobus"", ""count"": 9490}, {""value"": ""Volqueta"", ""count"": 9122}, {""value"": ""Trailer"", ""count"": 6205}]"
2010/Formanto CSV/2010_VehículosMatriculadosBDD.csv,2010,3,1226350,50000,0.0,6,"[{""value"": ""Gasolina"", ""count"": 1082306}, {""value"": ""Diesel"", ""count"": 140972}, {""value"": ""Híbrido"", ""count"": 2579}, {""value"": ""Gas liquado de petróleo"", ""count"": 455}, {""value"": ""Eléctrico"", ""count"": 37}, {""value"": ""COMBUSTIBLE"", ""count"": 1}]"
2010/Formanto CSV/2010_VehículosMatriculadosBDD.csv,2010,4,1226350,50000,0.0,125,"[{""value"": ""CHEVROLET"", ""count"": 378795}, {""value"": ""TOYOTA"", ""count"": 102374}, {""value"": ""MAZDA"", ""count"": 81270}, {""value"": ""HYUNDAI"", ""count"": 76391}, {""value"": ""SUZUKI"", ""count"": 74629}, {""value"": ""NISSAN"", ""count"": 65908}, {""value"": ""FORD"", ""count"": 57012}, {""value"": ""KIA"", ""count"": 34002}, {""value"": ""MITSUBISHI"", ""count"": 32846}, {""value"": ""VOLKSWAGEN"", ""count"": 32351}]"
2010/Formanto CSV/2010_VehículosMatriculadosBDD.csv,2010,5,1226350,50000,0.0,7,"[{""value"": ""PARTICULAR"", ""count"": 1162185}, {""value"": ""ALQUILER"", ""count"": 45429}, {""value"": ""ESTADO"", ""count"": 14424}, {""value"": ""MUNICIPIO"", ""count"": 3796}, {""value"": ""OTROS"", ""count"": 351}, {""value"": ""GOBIERNOS SECCIONALES"", ""count"": 164}, {""value"": ""SERVICIO"", ""count"": 1}]"
2010/Formanto CSV/2010_VehículosMatriculadosBDD.csv,2010,6,1226350,50000,0.533471,10,"[{""value"": ""2003 Y ANTERIORES"", ""count"": 572127}, {""value"": ""2010"", ""count"": 114667}, {""value"": ""2009"", ""count"": 107181}, {""value"": ""2007"", ""count"": 88163}, {""value"": ""2008"", ""count"": 86787}, {""value"": ""2006"", ""count"": 85264}, {""value"": ""2005"", ""count"": 67366}, {""value"": ""2011"", ""count"": 56118}, {""value"": ""2004"", ""count"": 48676}, {""value"": ""MODELO"", ""count"": 1}]"
2010/Formanto CSV/2010_VehículosMatriculadosBDD.csv,2010,7,1226350,50000,0.999999,479,"[{""value"": "".75"", ""count"": 658502}, {""value"": "".25"", ""count"": 147393}, {""value"": ""1"", ""count"": 140081}, {""value"": "".5"", ""count"": 87629}, {""value"": ""2"", ""count"": 48524}, {""value"": ""1.25"", ""count"": 16138}, {""value"": ""1.5"", ""count"": 14898}, {""value"": ""3.5"", ""count"": 11786}, {""value"": ""6"", ""count"": 11508}, {""value"": ""2.8"", ""count"": 11287}]"
2010/Formanto CSV/2010_VehículosMatriculadosBDD.csv,2010,8,1226350,50000,0.999999,69,"[{""value"": ""5"", ""count"": 738380}, {""value"": ""2"", ""count"": 227041}, {""value"": ""1"", ""count"": 147836}, {""value"": ""3"", ""count"": 54430}, {""value"": ""8"", ""count"": 13178}, {""value"": ""10"", ""count"": 13059}, {""value"": ""7"", ""count"": 10722}, {""value"": ""4"", ""count"": 6632}, {""value"": ""6"", ""count"": 4607}, {""value"": ""40"", ""count"": 2418}]"
2010/Formanto CSV/2010_VehículosMatriculadosBDD.csv,2010,9,1226350,50000,0.0,6,"[{""value"": ""1/4 A 3"", ""count"": 1140736}, {""value"": ""3 1/4 A 6"", ""count"": 44925}, {""value"": ""6 1/4 A 10"", ""count"": 19227}, {""value"": ""10 1/4 A 15"", ""count"": 10774}, {""value"": ""15 1/4 Y MÁS"", ""count"": 10687}, {""value"": ""ESTRATONE"", ""count"": 1}]"
2010/Formanto CSV/2010_VehículosMatriculadosBDD.csv,2010,10,1226350,50000,0.0,6,"[{""value"": ""1 A 10"", ""count"": 1216484}, {""value"": ""31 A 40"", ""count"": 4232}, {""value"": ""41 Y MÁS"", ""count"": 3907}, {""value"": ""21 A 30"", ""count"": 1111}, {""value"": ""11 A 20"", ""count"": 615}, {""value"": ""ESTRASIENTOS"", ""count"": 1}]"
2011/Formanto CSV/2011_VehículosMatriculadosBDD.csv,2011,1,1488024,50000,0.0,25,"[{""value"": ""GUAYAS"", ""count"": 381191}, {""value"": ""PICHINCHA"", ""count"": 320645}, {""value"": ""MANABÍ"", ""count"": 112757}, {""value"": ""AZUAY"", ""count"": 92319}, {""value"": ""LOS RÍOS"", ""count"": 75385}, {""value"": ""TUNGURAHUA"", ""count"": 69977}, {""value"": ""EL ORO"", ""count"": 61545}, {""value"": ""COTOPAXI"", ""count"": 48284}, {""value"": ""SANTO DOMINGO DE LOS TSÁCHILAS"", ""count"": 47380}, {""value"": ""IMBABURA"", ""count"": 44550}]"
2011/Formanto CSV/2011_VehículosMatriculadosBDD.csv,2011,2,1488024,50000,0.0,13,"[{""value"": ""Automóvil"", ""count"": 465380}, {""value"": ""Camioneta"", ""count"": 325853}, {""value"": ""Motocicleta"", ""count"": 320299}, {""value"": ""Jeep"", ""count"": 185380}, {""value"": ""Camión"", ""count"": 75339}, {""value"": ""Furgoneta P"", ""count"": 53701}, {""value"": ""Furgoneta C"", ""count"": 26677}, {""value"": ""Autobus"", ""count"": 10893}, {""value"": ""Volqueta"", ""count"": 9907}, {""value"": ""Trailer"", ""count"": 6830}]"
2011/Formanto CSV/2011_VehículosMatriculadosBDD.csv,2011,3,1488024,50000,0.0,6,"[{""value"": ""Gasolina"", ""count"": 1321170}, {""value"": ""Diesel"", ""count"": 163040}, {""value"": ""Híbrido"", ""count"": 3322}, {""value"": ""Gas liquado de petróleo"", ""count"": 460}, {""value"": ""Eléctrico"", ""count"": 31}, {""value"": ""COMBUSTIBLE"", ""count"": 1}]"
2011/Formanto CSV/2011_VehículosMatriculadosBDD.csv,2011,4,1488024,50000,0.0,126,"[{""value"": ""CHEVROLET"", ""count"": 412810}, {""value"": ""SUZUKI"", ""count"": 112360}, {""value"": ""TOYOTA"", ""count"": 105391}, {""value"": ""HYUNDAI"", ""count"": 89179}, {""value"": ""MAZDA"", ""count"": 86379}, {""value"": ""NISSAN"", ""count"": 71949}, {""value"": ""FORD"", ""count"": 58956}, {""value"": ""KIA"", ""count"": 43444}, {""value"": ""MITSUBISHI"", ""count"": 33346}, {""value"": ""VOLKSWAGEN"", ""count"": 32827}]"
2011/Formanto CSV/2011_VehículosMatriculadosBDD.csv,2011,5,1488024,50000,0.0,7,"[{""value"": ""PARTICULAR"", ""count"": 1411049}, {""value"": ""ALQUILER"", ""count"": 54259}, {""value"": ""ESTADO"", ""count"": 16921}, {""value"": ""MUNICIPIO"", ""count"": 4605}, {""value"": ""OTROS"", ""count"": 764}, {""value"": ""GOBIERNOS SECCIONALES"", ""count"": 425}, {""value"": ""SERVICIO"", ""count"": 1}]"
2011/Formanto CSV/2011_VehículosMatriculadosBDD.csv,2011,6,1488024,50000,0.62723,11,"[{""value"": ""2003 Y ANTERIORES"", ""count"": 554689}, {""value"": ""2011"", ""count"": 182921}, {""value"": ""2010"", ""count"": 129717}, {""value"": ""2009"", ""count"": 125965}, {""value"": ""2008"", ""count"": 112634}, {""value"": ""2007"", ""count"": 106232}, {""value"": ""2006"", ""count"": 89227}, {""value"": ""2012"", ""count"": 71544}, {""value"": ""2005"", ""count"": 66591}, {""value"": ""2004"", ""count"": 48503}]"
2011/Formanto CSV/2011_VehículosMatriculadosBDD.csv,2011,7,1488024,50000,0.999999,519,"[{""value"": "".75"", ""count"": 700736}, {""value"": "".25"", ""count"": 303701}, {""value"": ""1"", ""count"": 142765}, {""value"": "".5"", ""count"": 109328}, {""value"": ""2"", ""count"": 47524}, {""value"": ""1.25"", ""count"": 23800}, {""value"": ""1.5"", ""count"": 18057}, {""value"": "".05"", ""count"": 14897}, {""value"": ""3.5"", ""count"": 13116}, {""value"": ""2.8"", ""count"": 12803}]"
2011/Formanto CSV/2011_VehículosMatriculadosBDD.csv,2011,8,1488024,50000,0.999999,70,"[{""value"": ""5"", ""count"": 810849}, {""value"": ""1"", ""count"": 316085}, {""value"": ""2"", ""count"": 234847}, {""value"": ""3"", ""count"": 58686}, {""value"": ""10"", ""count"": 15658}, {""value"": ""8"", ""count"": 14593}, {""value"": ""7"", ""count"": 13537}, {""value"": ""4"", ""count"": 6498}, {""value"": ""6"", ""count"": 5224}, {""value"": ""40"", ""count"": 2583}]"
2011/Formanto CSV/2011_VehículosMatriculadosBDD.csv,2011,9,1488024,50000,0.0,6,"[{""value"": ""1/4 A 3"", ""count"": 1394079}, {""value"": ""3 1/4 A 6"", ""count"": 48178}, {""value"": ""6 1/4 A 10"", ""count"": 21389}, {""value"": ""10 1/4 A 15"", ""count"": 12210}, {""value"": ""15 1/4 Y MÁS"", ""count"": 12167}, {""value"": ""ESTRATONE"", ""count"": 1}]"
2011/Formanto CSV/2011_VehículosMatriculadosBDD.csv,2011,10,1488024,50000,0.0,6,"[{""value"": ""1 A 10"", ""count"": 1476645}, {""value"": ""41 Y MÁS"", ""count"": 4754}, {""value"": ""31 A 40"", ""count"": 4484}, {""value"": ""21 A 30"", ""count"": 1278}, {""value"": ""11 A 20"", ""count"": 862}, {""value"": ""ESTRASIENTOS"", ""count"": 1}]"
2012/Formanto CSV/2012_VehículosMatriculadosBDD.csv,2012,1,1558159,50000,0.0,25,"[{""value"": ""GUAYAS"", ""count"": 397603}, {""value"": ""PICHINCHA"", ""count"": 363559}, {""value"": ""MANABÍ"", ""count"": 123125}, {""value"": ""AZUAY"", ""count"": 95944}, {""value"": ""LOS RÍOS"", ""count"": 72619}, {""value"": ""TUNGURAHUA"", ""count"": 71883}, {""value"": ""EL ORO"", ""count"": 63016}, {""value"": ""COTOPAXI"", ""count"": 51782}, {""value"": ""IMBABURA"", ""count"": 44420}, {""value"": ""CHIMBORAZO"", ""count"": 40080}]"
2012/Formanto CSV/2012_VehículosMatriculadosBDD.csv,2012,2,1558159,50000,0.0,13,"[{""value"": ""Automóvil"", ""count"": 507720}, {""value"": ""Camioneta"", ""count"": 341879}, {""value"": ""Motocicleta"", ""count"": 305177}, {""value"": ""Jeep"", ""count"": 213825}, {""value"": ""Camión"", ""count"": 74092}, {""value"": ""Furgoneta P"", ""count"": 52249}, {""value"": ""Furgoneta C"", ""count"": 29029}, {""value"": ""Autobus"", ""count"": 10912}, {""value"": ""Volqueta"", ""count"": 9245}, {""value"": ""Trailer"", ""count"": 6484}]"
2012/Formanto CSV/2012_VehículosMatriculadosBDD.csv,2012,3,1558159,50000,0.0,6,"[{""value"": ""Gasolina"", ""count"": 1383310}, {""value"": ""Diesel"", ""count"": 170485}, {""value"": ""Híbrido"", ""count"": 3863}, {""value"": ""Gas liquado de petróleo"", ""count"": 468}, {""value"": ""Eléctrico"", ""count"": 32}, {""value"": ""COMBUSTIBLE"", ""count"": 1}]"
2012/Formanto CSV/2012_VehículosMatriculadosBDD.csv,2012,4,1558159,50000,0.0,130,"[{""value"": ""CHEVROLET"", ""count"": 456915}, {""value"": ""TOYOTA"", ""count"": 112489}, {""value"": ""SUZUKI"", ""count"": 110858}, {""value"": ""HYUNDAI"", ""count"": 97811}, {""value"": ""MAZDA"", ""count"": 91098}, {""value"": ""NISSAN"", ""count"": 77010}, {""value"": ""FORD"", ""count"": 58818}, {""value"": ""KIA"", ""count"": 50772}, {""value"": ""VOLKSWAGEN"", ""count"": 35911}, {""value"": ""MITSUBISHI"", ""count"": 32798}]"
2012/Formanto CSV/2012_VehículosMatriculadosBDD.csv,2012,5,1558159,50000,0.0,7,"[{""value"": ""PARTICULAR"", ""count"": 1477578}, {""value"": ""ALQUILER"", ""count"": 56178}, {""value"": ""ESTADO"", ""count"": 18016}, {""value"": ""MUNICIPIO"", ""count"": 5201}, {""value"": ""OTROS"", ""count"": 647}, {""value"": ""GOBIERNOS SECCIONALES"", ""count"": 538}, {""value"": ""SERVICIO"", ""count"": 1}]"
2012/Formanto CSV/2012_VehículosMatriculadosBDD.csv,2012,6,1558159,50000,0.655056,12,"[{""value"": ""2003 Y ANTERIORES"", ""count"": 537477}, {""value"": ""2012"", ""count"": 184691}, {""value"": ""2011"", ""count"": 157399}, {""value"": ""2009"", ""count"": 118288}, {""value"": ""2010"", ""count"": 115094}, {""value"": ""2008"", ""count"": 99989}, {""value"": ""2007"", ""count"": 92607}, {""value"": ""2006"", ""count"": 82855}, {""value"": ""2005"", ""count"": 64973}, {""value"": ""2013"", ""count"": 56533}]"
2012/Formanto CSV/2012_VehículosMatriculadosBDD.csv,2012,7,1558159,50000,0.999999,557,"[{""value"": "".75"", ""count"": 752875}, {""value"": "".25"", ""count"": 285716}, {""value"": ""1"", ""count"": 150067}, {""value"": "".5"", ""count"": 129122}, {""value"": ""2"", ""count"": 47318}, {""value"": ""1.25"", ""count"": 24562}, {""value"": ""1.5"", ""count"": 19035}, {""value"": ""2.8"", ""count"": 13487}, {""value"": ""3.5"", ""count"": 12116}, {""value"": "".05"", ""count"": 11487}]"
2012/Formanto CSV/2012_VehículosMatriculadosBDD.csv,2012,8,1558159,50000,0.999999,70,"[{""value"": ""5"", ""count"": 893815}, {""value"": ""1"", ""count"": 297572}, {""value"": ""2"", ""count"": 237314}, {""value"": ""3"", ""count"": 56892}, {""value"": ""7"", ""count"": 16356}, {""value"": ""10"", ""count"": 16288}, {""value"": ""8"", ""count"": 15877}, {""value"": ""4"", ""count"": 6608}, {""value"": ""6"", ""count"": 5375}, {""value"": ""40"", ""count"": 2542}]"
2012/Formanto CSV/2012_VehículosMatriculadosBDD.csv,2012,9,1558159,50000,0.0,6,"[{""value"": ""1/4 A 3"", ""count"": 1468314}, {""value"": ""3 1/4 A 6"", ""count"": 46030}, {""value"": ""6 1/4 A 10"", ""count"": 20264}, {""value"": ""15 1/4 Y MÁS"", ""count"": 12438}, {""value"": ""10 1/4 A 15"", ""count"": 11112}, {""value"": ""ESTRATONE"", ""count"": 1}]"
2012/Formanto CSV/2012_VehículosMatriculadosBDD.csv,2012,10,1558159,50000,0.0,6,"[{""value"": ""1 A 10"", ""count"": 1546776}, {""value"": ""41 Y MÁS"", ""count"": 5090}, {""value"": ""31 A 40"", ""count"": 4383}, {""value"": ""21 A 30"", ""count"": 1141}, {""value"": ""11 A 20"", ""count"": 768}, {""value"": ""ESTRASIENTOS"", ""count"": 1}]"
2013/Formato CSV/2013_VehículosMatriculadosBDD.sav.csv,2013,1,1719598,50000,0.0,25,"[{""value"": ""GUAYAS"", ""count"": 437049}, {""value"": ""PICHINCHA"", ""count"": 389932}, {""value"": ""MANABÍ"", ""count"": 147746}, {""value"": ""AZUAY"", ""count"": 99972}, {""value"": ""LOS RÍOS"", ""count"": 82555}, {""value"": ""TUNGURAHUA"", ""count"": 80629}, {""value"": ""EL ORO"", ""count"": 73885}, {""value"": ""COTOPAXI"", ""count"": 55054}, {""value"": ""IMBABURA"", ""count"": 45850}, {""value"": ""CHIMBORAZO"", ""count"": 43540}]"
2013/Formato CSV/2013_VehículosMatriculadosBDD.sav.csv,2013,2,1719598,50000,0.0,13,"[{""value"": ""Automóvil"", ""count"": 547305}, {""value"": ""Camioneta"", ""count"": 366568}, {""value"": ""Motocicleta"", ""count"": 362048}, {""value"": ""Jeep"", ""count"": 242682}, {""value"": ""Camión"", ""count"": 81014}, {""value"": ""Furgoneta P"", ""count"": 53502}, {""value"": ""Furgoneta C"", ""count"": 31566}, {""value"": ""Volqueta"", ""count"": 10038}, {""value"": ""Autobus"", ""count"": 9135}, {""value"": ""Trailer"", ""count"": 7149}]"
2013/Formato CSV/2013_VehículosMatriculadosBDD.sav.csv,2013,3,1719598,50000,0.0,6,"[{""value"": ""Gasolina"", ""count"": 1527640}, {""value"": ""Diesel"", ""count"": 187496}, {""value"": ""Híbrido"", ""count"": 3962}, {""value"": ""Gas liquado de petróleo"", ""count"": 466}, {""value"": ""Eléctrico"", ""count"": 33}, {""value"": ""COMBUSTIBLE"", ""count"": 1}]"
2013/Formato CSV/2013_VehículosMatriculadosBDD.sav.csv,2013,4,1719598,50000,0.0,132,"[{""value"": ""CHEVROLET"", ""count"": 498305}, {""value"": ""SUZUKI"", ""count"": 121163}, {""value"": ""TOYOTA"", ""count"": 120086}, {""value"": ""HYUNDAI"", ""count"": 106862}, {""value"": ""MAZDA"", ""count"": 98051}, {""value"": ""NISSAN"", ""count"": 82108}, {""value"": ""FORD"", ""count"": 63275}, {""value"": ""KIA"", ""count"": 60878}, {""value"": ""VOLKSWAGEN"", ""count"": 37712}, {""value"": ""MITSUBISHI"", ""count"": 33817}]"
2013/Formato CSV/2013_VehículosMatriculadosBDD.sav.csv,2013,5,1719598,50000,0.0,7,"[{""value"": ""PARTICULAR"", ""count"": 1636037}, {""value"": ""ALQUILER"", ""count"": 57004}, {""value"": ""ESTADO"", ""count"": 19367}, {""value"": ""MUNICIPIO"", ""count"": 5636}, {""value"": ""OTROS"", ""count"": 908}, {""value"": ""GOBIERNOS SECCIONALES"", ""count"": 645}, {""value"": ""SERVICIO"", ""count"": 1}]"
2013/Formato CSV/2013_VehículosMatriculadosBDD.sav.csv,2013,6,1719598,50000,0.684665,13,"[{""value"": ""2003 Y ANTERIORES"", ""count"": 542248}, {""value"": ""2013"", ""count"": 176061}, {""value"": ""2012"", ""count"": 173598}, {""value"": ""2011"", ""count"": 160451}, {""value"": ""2009"", ""count"": 116954}, {""value"": ""2010"", ""count"": 115948}, {""value"": ""2008"", ""count"": 95662}, {""value"": ""2007"", ""count"": 91955}, {""value"": ""2006"", ""count"": 83279}, {""value"": ""2005"", ""count"": 65420}]"
2013/Formato CSV/2013_VehículosMatriculadosBDD.sav.csv,2013,7,1719598,50000,0.999999,621,"[{""value"": "".75"", ""count"": 804721}, {""value"": "".25"", ""count"": 343088}, {""value"": ""1"", ""count"": 158937}, {""value"": "".5"", ""count"": 135690}, {""value"": ""2"", ""count"": 48488}, {""value"": ""1.25"", ""count"": 29387}, {""value"": ""1.5"", ""count"": 20218}, {""value"": ""2.8"", ""count"": 13940}, {""value"": ""3.5"", ""count"": 12778}, {""value"": ""6"", ""count"": 10483}]"
2013/Formato CSV/2013_VehículosMatriculadosBDD.sav.csv,2013,8,1719598,50000,0.999999,74,"[{""value"": ""5"", ""count"": 976982}, {""value"": ""1"", ""count"": 351550}, {""value"": ""2"", ""count"": 251925}, {""value"": ""3"", ""count"": 61118}, {""value"": ""7"", ""count"": 20710}, {""value"": ""10"", ""count"": 17135}, {""value"": ""8"", ""count"": 16603}, {""value"": ""4"", ""count"": 7701}, {""value"": ""6"", ""count"": 5520}, {""value"": ""40"", ""count"": 1814}]"
2013/Formato CSV/2013_VehículosMatriculadosBDD.sav.csv,2013,9,1719598,50000,0.0,6,"[{""value"": ""1/4 A 3"", ""count"": 1624291}, {""value"": ""3 1/4 A 6"", ""count"": 49036}, {""value"": ""6 1/4 A 10"", ""count"": 20470}, {""value"": ""15 1/4 Y MÁS"", ""count"": 14301}, {""value"": ""10 1/4 A 15"", ""count"": 11499}, {""value"": ""ESTRATONE"", ""count"": 1}]"
2013/Formato CSV/2013_VehículosMatriculadosBDD.sav.csv,2013,10,1719598,50000,0.0,6,"[{""value"": ""1 A 10"", ""count"": 1709939}, {""value"": ""41 Y MÁS"", ""count"": 4400}, {""value"": ""31 A 40"", ""count"": 3220}, {""value"": ""21 A 30"", ""count"": 1114}, {""value"": ""11 A 20"", ""count"": 924}, {""value"": ""ESTRASIENTOS"", ""count"": 1}]"
2014/Formanto CSV/2014_VehículosMatriculadosBDD.csv,2014,1,550472,50000,0.0,24,"[{""value"": ""PICHINCHA"", ""count"": 209895}, {""value"": ""GUAYAS"", ""count"": 91565}, {""value"": ""MANABI"", ""count"": 38144}, {""value"": ""AZUAY"", ""count"": 32523}, {""value"": ""TUNGURAHUA"", ""count"": 29565}, {""value"": ""IMBABURA"", ""count"": 20449}, {""value"": ""EL ORO"", ""count"": 16613}, {""value"": ""CHIMBORAZO"", ""count"": 16557}, {""value"": ""COTOPAXI"", ""count"": 14899}, {""value"": ""LOJA"", ""count"": 13911}]"
2014/Formanto CSV/2014_VehículosMatriculadosBDD.csv,2014,2,550473,50000,0.0,6,"[{""value"": ""PARTICULAR"", ""count"": 515901}, {""value"": ""ALQUILER"", ""count"": 30368}, {""value"": ""ESTADO"", ""count"": 3684}, {""value"": ""MUNICIPIO"", ""count"": 410}, {""value"": ""GOBIERNOS SECCIONALES"", ""count"": 83}, {""value"": ""OTROS"", ""count"": 27}]"
2014/Formanto CSV/2014_VehículosMatriculadosBDD.csv,2014,3,550473,50000,0.0,12,"[{""value"": ""Automóvil"", ""count"": 322544}, {""value"": ""Jeep"", ""count"": 125601}, {""value"": ""Camioneta"", ""count"": 40793}, {""value"": ""Furgoneta C"", ""count"": 28241}, {""value"": ""Furgoneta P"", ""count"": 21574}, {""value"": ""Autobus"", ""count"": 11300}, {""value"": ""Camión"", ""count"": 248}, {""value"": ""Otra Clase"", ""count"": 109}, {""value"": ""Motocicleta"", ""count"": 30}, {""value"": ""Volqueta"", ""count"": 15}]"
2014/Formanto CSV/2014_VehículosMatriculadosBDD.csv,2014,4,550473,50000,0.0,5,"[{""value"": ""Gasolina"", ""count"": 510506}, {""value"": ""Diesel"", ""count"": 37193}, {""value"": ""Híbrido"", ""count"": 2523}, {""value"": ""Gas liquado de petróleo"", ""count"": 237}, {""value"": ""Eléctrico"", ""count"": 14}]"
2014/Formanto CSV/2014_VehículosMatriculadosBDD.csv,2014,5,550473,50000,0.0,84,"[{""value"": ""CHEVROLET"", ""count"": 94099}, {""value"": ""HYUNDAI"", ""count"": 82944}, {""value"": ""KIA"", ""count"": 59332}, {""value"": ""NISSAN"", ""count"": 49044}, {""value"": ""MAZDA"", ""count"": 43023}, {""value"": ""VOLKSWAGEN"", ""count"": 32240}, {""value"": ""FORD"", ""count"": 28830}, {""value"": ""RENAULT"", ""count"": 24534}, {""value"": ""TOYOTA"", ""count"": 18031}, {""value"": ""MITSUBISHI"", ""count"": 17615}]"
2014/Formanto CSV/2014_VehículosMatriculadosBDD.csv,2014,6,550473,50000,0.732592,13,"[{""value"": ""2003 y anteriores"", ""count"": 147201}, {""value"": ""2013"", ""count"": 50671}, {""value"": ""2011"", ""count"": 48398}, {""value"": ""2012"", ""count"": 46194}, {""value"": ""2009"", ""count"": 41252}, {""value"": ""2014"", ""count"": 36699}, {""value"": ""2010"", ""count"": 34441}, {""value"": ""2007"", ""count"": 33624}, {""value"": ""2008"", ""count"": 29643}, {""value"": ""2006"", ""count"": 27837}]"
2014/Formanto CSV/2014_VehículosMatriculadosBDD.csv,2014,7,550473,50000,1.0,69,"[{""value"": ""5"", ""count"": 474438}, {""value"": ""7"", ""count"": 23176}, {""value"": ""10"", ""count"": 18747}, {""value"": ""8"", ""count"": 16480}, {""value"": ""6"", ""count"": 5568}, {""value"": ""40"", ""count"": 2250}, {""value"": ""42"", ""count"": 1195}, {""value"": ""45"", ""count"": 1146}, {""value"": ""50"", ""count"": 846}, {""value"": ""30"", ""count"": 511}]"
2014/Formanto CSV/2014_VehículosMatriculadosBDD.csv,2014,8,550473,50000,1.0,304,"[{""value"": "".75"", ""count"": 349372}, {""value"": "".5"", ""count"": 137484}, {""value"": ""1"", ""count"": 15171}, {""value"": "".379999995231628"", ""count"": 7968}, {""value"": ""1.5"", ""count"": 3793}, {""value"": "".330000013113022"", ""count"": 3222}, {""value"": "".409999996423721"", ""count"": 3214}, {""value"": "".319999992847443"", ""count"": 2849}, {""value"": ""3.5"", ""count"": 2050}, {""value"": ""10"", ""count"": 1952}]"
2014/Formanto CSV/2014_VehículosMatriculadosBDD.csv,2014,9,550473,50000,0.0,5,"[{""value"": ""1/4 A 3"", ""count"": 537640}, {""value"": ""6 1/4 A 10"", ""count"": 4603}, {""value"": ""3 1/4 A 6"", ""count"": 4569}, {""value"": ""10 1/4 A 15"", ""count"": 2462}, {""value"": ""15 1/4 Y MÁS"", ""count"": 1199}]"
2014/Formanto CSV/2014_VehículosMatriculadosBDD.csv,2014,10,550473,50000,0.0,5,"[{""value"": ""0 A 10"", ""count"": 538874}, {""value"": ""41 Y MÁS"", ""count"": 5191}, {""value"": ""31 A 40"", ""count"": 4027}, {""value"": ""21 A 30"", ""count"": 1417}, {""value"": ""11 A 20"", ""count"": 964}]"
